type,value
A,0.849879361
B,0.748148276
C,0.486729279
A,0.410856914
B,0.253102226
C,0.499773627
A,0.544473919
B,0.825557239
C,0.247176222
A,0.030022778
B,0.362821939
C,0.850468582
A,0.887695553
B,0.949626219
C,0.177814698
A,0.378726677
B,0.229701631
C,0.593233029
